{"filter":false,"title":"network-parameters.json","tooltip":"/nd9991-c2-Infrastructure-as-Code-v1/supporting_material/network-parameters.json","undoManager":{"mark":2,"position":-1,"stack":[[{"start":{"row":12,"column":8},"end":{"row":12,"column":9},"action":"remove","lines":["c"],"id":3}],[{"start":{"row":12,"column":7},"end":{"row":12,"column":8},"action":"insert","lines":[" "],"id":3},{"start":{"row":12,"column":8},"end":{"row":12,"column":9},"action":"insert","lines":["c"]}],[{"start":{"row":12,"column":3},"end":{"row":12,"column":4},"action":"insert","lines":["b"],"id":4},{"start":{"row":12,"column":4},"end":{"row":12,"column":5},"action":"insert","lines":["a"]},{"start":{"row":12,"column":5},"end":{"row":12,"column":6},"action":"insert","lines":["s"]},{"start":{"row":12,"column":6},"end":{"row":12,"column":7},"action":"insert","lines":["h"]}]]},"ace":{"folds":[],"scrolltop":0,"scrollleft":0,"selection":{"start":{"row":12,"column":3},"end":{"row":12,"column":3},"isBackwards":false},"options":{"guessTabSize":true,"useWrapMode":false,"wrapToView":true},"firstLineState":0},"timestamp":1676992324257,"hash":"f8216f0a5eca17e88d1fce164ba24312a926f590"}