{"filter":false,"title":"play.json","tooltip":"/nd9991-c2-Infrastructure-as-Code-v1/project_starter/play.json","undoManager":{"mark":17,"position":17,"stack":[[{"start":{"row":0,"column":0},"end":{"row":5,"column":1},"action":"insert","lines":["[","\t{","\t\t\"ParameterKey\": \"EnvironmentName\",","\t\t\"ParameterValue\": \"UdacityProject\"","\t}","]"],"id":5}],[{"start":{"row":5,"column":1},"end":{"row":6,"column":0},"action":"insert","lines":["",""],"id":7},{"start":{"row":6,"column":0},"end":{"row":7,"column":0},"action":"insert","lines":["",""]}],[{"start":{"row":0,"column":0},"end":{"row":7,"column":0},"action":"remove","lines":["[","\t{","\t\t\"ParameterKey\": \"EnvironmentName\",","\t\t\"ParameterValue\": \"UdacityProject\"","\t}","]","",""],"id":8},{"start":{"row":0,"column":0},"end":{"row":25,"column":1},"action":"insert","lines":["[","\t{","\t\t\"ParameterKey\": \"EnvironmentName\",","\t\t\"ParameterValue\": \"UdacityProject\"","\t},","\t{","\t\t\"ParameterKey\": \"VpcCIDR\",","\t\t\"ParameterValue\": \"10.0.0.0/16\"","\t},","\t{","\t\t\"ParameterKey\": \"PublicSubnet1CIDR\",","\t\t\"ParameterValue\": \"10.0.0.0/24\"","\t},","\t{","\t\t\"ParameterKey\": \"PublicSubnet2CIDR\",","\t\t\"ParameterValue\": \"10.0.1.0/24\"","\t},","\t{","\t\t\"ParameterKey\": \"PrivateSubnet1CIDR\",","\t\t\"ParameterValue\": \"10.0.2.0/24\"","\t},","\t{","\t\t\"ParameterKey\": \"PrivateSubnet2CIDR\",","\t\t\"ParameterValue\": \"10.0.3.0/24\"","\t}","]"]}],[{"start":{"row":24,"column":2},"end":{"row":25,"column":0},"action":"insert","lines":["",""],"id":9},{"start":{"row":25,"column":0},"end":{"row":25,"column":1},"action":"insert","lines":["\t"]}],[{"start":{"row":24,"column":2},"end":{"row":25,"column":1},"action":"remove","lines":["","\t"],"id":23},{"start":{"row":24,"column":2},"end":{"row":24,"column":3},"action":"insert","lines":["y"]},{"start":{"row":24,"column":3},"end":{"row":24,"column":4},"action":"insert","lines":["y"]}],[{"start":{"row":24,"column":3},"end":{"row":24,"column":4},"action":"remove","lines":["y"],"id":24},{"start":{"row":24,"column":2},"end":{"row":24,"column":3},"action":"remove","lines":["y"]}],[{"start":{"row":25,"column":0},"end":{"row":29,"column":0},"action":"insert","lines":["\t{","\t\t\"ParameterKey\": \"PrivateSubnet2CIDR\",","\t\t\"ParameterValue\": \"10.0.3.0/24\"","\t}",""],"id":25}],[{"start":{"row":26,"column":19},"end":{"row":26,"column":37},"action":"remove","lines":["PrivateSubnet2CIDR"],"id":26}],[{"start":{"row":26,"column":19},"end":{"row":26,"column":36},"action":"insert","lines":["AvailabilityZone1"],"id":27}],[{"start":{"row":27,"column":21},"end":{"row":27,"column":32},"action":"remove","lines":["10.0.3.0/24"],"id":28}],[{"start":{"row":27,"column":21},"end":{"row":27,"column":31},"action":"insert","lines":["us-east-1a"],"id":29}],[{"start":{"row":29,"column":0},"end":{"row":33,"column":0},"action":"insert","lines":["\t{","\t\t\"ParameterKey\": \"AvailabilityZone1\",","\t\t\"ParameterValue\": \"us-east-1a\"","\t}",""],"id":30}],[{"start":{"row":30,"column":35},"end":{"row":30,"column":36},"action":"remove","lines":["1"],"id":31}],[{"start":{"row":30,"column":35},"end":{"row":30,"column":36},"action":"insert","lines":["2"],"id":32}],[{"start":{"row":31,"column":30},"end":{"row":31,"column":31},"action":"remove","lines":["a"],"id":33}],[{"start":{"row":31,"column":30},"end":{"row":31,"column":31},"action":"insert","lines":["b"],"id":34}],[{"start":{"row":28,"column":2},"end":{"row":28,"column":3},"action":"insert","lines":[","],"id":35}],[{"start":{"row":24,"column":2},"end":{"row":24,"column":3},"action":"insert","lines":[","],"id":36}]]},"ace":{"folds":[],"scrolltop":0,"scrollleft":0,"selection":{"start":{"row":25,"column":2},"end":{"row":25,"column":2},"isBackwards":false},"options":{"guessTabSize":true,"useWrapMode":false,"wrapToView":true},"firstLineState":0},"timestamp":1676995200022,"hash":"81441530865d4c943fded47b63620577cf0a7d56"}