{"filter":false,"title":"challenge3-parameters.json","tooltip":"/nd9991-c2-Infrastructure-as-Code-v1/supporting_material/challenges/challenge3-parameters.json","undoManager":{"mark":-1,"position":-1,"stack":[]},"ace":{"folds":[],"scrolltop":0,"scrollleft":0,"selection":{"start":{"row":0,"column":0},"end":{"row":0,"column":0},"isBackwards":false},"options":{"guessTabSize":true,"useWrapMode":false,"wrapToView":true},"firstLineState":0},"timestamp":1676995827841,"hash":"1b446b3753dcf6c542d2cdb3b94755460e20d53f"}